cudacoresfactor, 2xcopytime, kerneltime0, kerneltimeN
1, 27481.840000, 1576.926000, 1600.639000
2, 37862.908000, 1560.886000, 1618.798000
3, 52158.372000, 1561.847000, 1626.382000
4, 66115.224000, 1583.513000, 1630.554000
5, 80379.724000, 1565.462000, 1620.904000
6, 94624.470000, 1526.808000, 1642.432000
7, 109203.624000, 1564.564000, 1639.154000
8, 123293.808000, 1532.458000, 1637.577000
9, 137689.462000, 1514.659000, 1617.912000
10, 151292.558000, 1533.791000, 1627.977000
11, 165669.792000, 1517.039000, 1619.951000
12, 180024.000000, 1520.897000, 1662.996000
13, 194227.296000, 1517.009000, 1642.917000
14, 208576.584000, 1521.295000, 1637.208000
15, 222656.492000, 1524.759000, 1664.474000
16, 237000.990000, 1512.919000, 1655.349000
17, 252184.884000, 1551.101000, 1630.532000
18, 265833.292000, 1519.240000, 1622.124000
19, 278058.574000, 1534.214000, 1628.276000
20, 286274.066000, 1527.351000, 1648.535000
21, 295472.476000, 1521.546000, 1616.804000
22, 304700.272000, 1535.194000, 1635.355000
23, 313260.458000, 1531.744000, 1625.994000
24, 322019.180000, 1518.089000, 1628.067000
25, 330745.620000, 1522.478000, 1628.621000
26, 339410.352000, 1808.020000, 1781.513000
27, 347693.038000, 1527.088000, 1637.464000
28, 356575.564000, 1532.801000, 1633.071000
29, 365277.790000, 1532.297000, 1635.206000
30, 374517.674000, 1523.515000, 1637.341000
31, 383218.470000, 1513.917000, 1651.455000
32, 391978.356000, 1527.356000, 1638.856000
33, 400477.142000, 1528.261000, 1643.827000
34, 410356.640000, 1531.022000, 1649.682000
35, 417708.464000, 1536.076000, 1636.371000
36, 426598.148000, 1527.790000, 1645.559000
37, 438954.746000, 1521.625000, 1621.864000
38, 447673.646000, 1533.983000, 1627.274000
39, 456517.494000, 1532.759000, 1642.446000
40, 465921.156000, 1524.709000, 1607.184000
41, 474076.164000, 1526.780000, 1617.960000
42, 482335.476000, 1525.201000, 1642.006000
43, 491116.748000, 1548.926000, 1657.990000
44, 500721.182000, 1542.705000, 1637.366000
45, 508758.202000, 1537.836000, 1677.572000
46, 517638.148000, 1520.511000, 1627.759000
47, 525722.092000, 1525.041000, 1648.801000
48, 535294.744000, 1541.959000, 1665.582000
49, 543938.806000, 1536.098000, 1640.775000
50, 552455.392000, 1533.751000, 1620.329000
51, 561679.804000, 1541.915000, 1635.205000
52, 570029.982000, 1531.717000, 1638.635000
53, 578666.822000, 1537.205000, 1649.299000
54, 587572.784000, 1541.126000, 1650.822000
55, 598651.354000, 1524.555000, 1646.713000
56, 606992.880000, 1529.446000, 1657.377000
57, 615797.714000, 1519.851000, 1649.236000
58, 625067.454000, 1521.487000, 1640.669000
59, 632880.602000, 1524.294000, 1664.382000
60, 643554.568000, 1547.262000, 1640.394000
61, 651035.982000, 1538.262000, 1654.202000
62, 659548.584000, 1521.781000, 1649.743000
63, 667817.100000, 1518.178000, 1643.138000
64, 677180.620000, 1541.687000, 1662.701000
65, 685636.120000, 1521.878000, 1653.853000
66, 694495.420000, 1531.721000, 1650.766000
67, 703324.010000, 1543.985000, 1658.521000
68, 711973.660000, 1550.379000, 1652.397000
69, 720351.942000, 1535.548000, 1658.992000
70, 729732.866000, 1552.207000, 1653.500000
71, 738167.474000, 1543.099000, 1657.067000
72, 746944.124000, 1542.328000, 1660.638000
73, 755700.110000, 1540.843000, 1642.366000
74, 767714.244000, 1531.991000, 1655.718000
75, 777499.716000, 1551.108000, 1653.955000
76, 785077.550000, 1533.632000, 1646.993000
77, 793643.882000, 1534.405000, 1655.594000
78, 802536.210000, 1537.408000, 1662.046000
79, 811443.052000, 1543.082000, 1659.512000
80, 820095.932000, 1524.350000, 1655.466000
81, 828891.680000, 1544.273000, 1654.139000
82, 837878.128000, 1537.369000, 1658.564000
83, 846485.958000, 1522.307000, 1646.646000
84, 854940.044000, 1532.651000, 1663.136000
85, 864841.510000, 1547.541000, 1662.359000
86, 872731.878000, 1546.297000, 1658.867000
87, 881328.746000, 1558.734000, 1652.408000
88, 890285.526000, 1531.713000, 1658.753000
89, 898736.910000, 1535.171000, 1665.696000
90, 907294.478000, 1550.594000, 1662.800000
91, 916558.482000, 1544.317000, 1668.731000
92, 927113.062000, 1539.810000, 1665.581000
93, 935594.338000, 1534.827000, 1667.561000
94, 945738.670000, 1554.349000, 1666.721000
95, 953766.192000, 1547.558000, 1672.911000
96, 962130.604000, 1532.037000, 1675.301000
97, 970725.152000, 1533.005000, 1664.412000
98, 979280.888000, 1522.393000, 1668.741000
99, 988530.626000, 1538.027000, 1676.437000
100, 997293.736000, 1529.201000, 1676.692000
101, 1005206.238000, 1529.487000, 1673.049000
102, 1015387.018000, 1556.217000, 1677.308000
103, 1023043.584000, 1554.012000, 1700.190000
104, 1032111.742000, 1558.253000, 1681.063000
105, 1040523.266000, 1544.503000, 1676.337000
106, 1048752.072000, 1543.766000, 1684.773000
107, 1058145.882000, 1557.852000, 1680.812000
108, 1066926.972000, 1564.238000, 1683.123000
109, 1075410.424000, 1576.187000, 1681.265000
110, 1087716.022000, 1575.244000, 1685.409000
111, 1096550.342000, 1547.678000, 1687.887000
112, 1105994.384000, 1584.505000, 1697.817000
113, 1113828.392000, 1555.104000, 1691.589000
114, 1122957.466000, 1542.165000, 1705.168000
115, 1131622.360000, 1556.172000, 1685.792000
116, 1140782.428000, 1544.250000, 1692.586000
117, 1149272.566000, 1579.676000, 1701.894000
118, 1157841.378000, 1552.834000, 1699.261000
119, 1167631.318000, 1588.848000, 1710.273000
120, 1175266.076000, 1608.847000, 1699.990000
121, 1184076.280000, 1580.013000, 1707.143000
122, 1192724.950000, 1570.938000, 1713.076000
123, 1202412.000000, 1590.594000, 1701.107000
124, 1210615.502000, 1602.433000, 1705.529000
125, 1219093.682000, 1586.023000, 1703.819000
126, 1228579.074000, 1621.044000, 1705.707000
127, 1236548.066000, 1590.160000, 1712.122000
128, 1245328.100000, 1613.095000, 1704.597000
129, 1255920.746000, 1597.489000, 1717.274000
130, 1264684.632000, 1617.727000, 1717.982000
131, 1273387.170000, 1610.810000, 1739.537000
132, 1283092.216000, 1629.752000, 1723.994000
133, 1291338.604000, 1593.391000, 1724.157000
134, 1300614.958000, 1639.375000, 1725.912000
135, 1308698.518000, 1585.557000, 1728.903000
136, 1317749.664000, 1653.777000, 1722.591000
137, 1326773.058000, 1614.850000, 1718.240000
138, 1335796.256000, 1666.136000, 1717.258000
139, 1343615.024000, 1585.568000, 1726.000000
140, 1352539.666000, 1625.209000, 1723.130000
141, 1361390.658000, 1628.962000, 1721.843000
142, 1371010.258000, 1630.080000, 1735.037000
143, 1379332.726000, 1605.366000, 1724.762000
144, 1388125.406000, 1621.851000, 1731.880000
145, 1396995.572000, 1606.637000, 1726.140000
146, 1405816.176000, 1625.648000, 1726.334000
147, 1417533.050000, 1627.451000, 1727.870000
148, 1426389.686000, 1609.543000, 1721.946000
149, 1434933.090000, 1609.867000, 1735.527000
150, 1444707.794000, 1623.846000, 1741.955000
151, 1452743.394000, 1590.811000, 1723.252000
152, 1461266.406000, 1609.704000, 1732.315000
153, 1470641.418000, 1617.878000, 1728.638000
154, 1479323.542000, 1600.877000, 1735.980000
155, 1488918.904000, 1647.403000, 1742.581000
156, 1496900.438000, 1622.347000, 1735.240000
157, 1505310.066000, 1624.900000, 1738.078000
158, 1514131.586000, 1609.406000, 1740.509000
159, 1522880.440000, 1619.438000, 1739.385000
160, 1531748.998000, 1626.467000, 1747.856000
161, 1540689.398000, 1630.200000, 1729.330000
162, 1549237.866000, 1641.917000, 1735.013000
163, 1558412.946000, 1610.321000, 1736.178000
164, 1567109.308000, 1639.035000, 1738.275000
165, 1577765.858000, 1621.306000, 1731.605000
166, 1586322.186000, 1640.589000, 1744.539000
167, 1595466.818000, 1639.447000, 1760.726000
168, 1603764.958000, 1635.759000, 1746.281000
169, 1612860.280000, 1641.320000, 1739.676000
170, 1621493.540000, 1623.856000, 1748.916000
171, 1630371.210000, 1630.228000, 1741.811000
172, 1639232.112000, 1649.421000, 1738.605000
173, 1647852.352000, 1648.845000, 1736.934000
174, 1657426.128000, 1649.829000, 1739.822000
175, 1665109.150000, 1616.745000, 1749.665000
176, 1673912.110000, 1632.065000, 1742.363000
177, 1682431.236000, 1630.876000, 1749.461000
178, 1691404.274000, 1636.809000, 1764.389000
179, 1702914.240000, 1647.052000, 1764.922000
180, 1709494.092000, 1635.463000, 1753.355000
181, 1718075.070000, 1635.357000, 1754.521000
182, 1726718.562000, 1649.377000, 1751.212000
183, 1739076.516000, 1630.193000, 1881.724000
184, 1747918.914000, 1641.127000, 1755.693000
185, 1756426.758000, 1647.525000, 1751.754000
186, 1765166.920000, 1636.964000, 1763.680000
187, 1773971.182000, 1640.948000, 1751.564000
188, 1782513.882000, 1648.129000, 1750.542000
189, 1791301.630000, 1655.021000, 1768.665000
190, 1800150.502000, 1637.405000, 1759.756000
191, 1808890.868000, 1641.951000, 1757.133000
192, 1818078.998000, 1659.777000, 1758.453000
193, 1826233.300000, 1639.717000, 1753.007000
194, 1837113.226000, 1656.971000, 1750.644000
195, 1844111.998000, 1657.952000, 1773.561000
196, 1853202.596000, 1635.798000, 1776.710000
197, 1861544.032000, 1632.377000, 1757.107000
198, 1870371.068000, 1645.599000, 1756.399000
199, 1879342.116000, 1637.859000, 1784.281000
200, 1888098.534000, 1632.376000, 1767.820000
201, 1896608.274000, 1627.157000, 1760.854000
202, 1907760.386000, 1634.849000, 1751.875000
203, 1916113.440000, 1629.418000, 1767.147000
204, 1924590.942000, 1631.757000, 1755.333000
205, 1936003.168000, 1645.085000, 1768.061000
206, 1942299.302000, 1630.619000, 1754.466000
207, 1951211.164000, 1629.953000, 1751.206000
208, 1959868.998000, 1635.990000, 1754.877000
209, 1969067.364000, 1642.001000, 1766.634000
210, 1977461.164000, 1627.567000, 1779.448000
211, 1986845.274000, 1624.468000, 1759.851000
212, 1996302.510000, 1660.224000, 1760.803000
213, 2002769.830000, 1644.224000, 1761.218000
214, 2011705.464000, 1633.497000, 1781.974000
215, 2020779.526000, 1638.372000, 1759.924000
216, 2033121.034000, 1647.143000, 1776.850000
217, 2038238.762000, 1643.250000, 1779.190000
218, 2047185.986000, 1635.756000, 1770.700000
219, 2055847.616000, 1644.411000, 1765.767000
220, 2072450.562000, 1653.612000, 1772.171000
221, 2076738.236000, 1650.373000, 1763.445000
222, 2085680.030000, 1641.565000, 1773.089000
223, 2094612.684000, 1646.245000, 1753.145000
224, 2103329.114000, 1660.066000, 1770.775000
225, 2116155.408000, 1658.199000, 1777.905000
226, 2120271.692000, 1650.486000, 1778.586000
227, 2129317.876000, 1640.542000, 1773.737000
228, 2138197.580000, 1647.557000, 1765.414000
229, 2147127.302000, 1640.569000, 1772.153000
230, 2161161.382000, 1667.886000, 1782.220000
231, 2164087.570000, 1639.112000, 1777.827000
232, 2172788.406000, 1659.585000, 1774.625000
233, 2182820.064000, 1643.566000, 1789.031000
234, 2190528.058000, 1656.057000, 1779.204000
235, 2206080.564000, 1676.134000, 1791.248000
236, 2207955.338000, 1640.133000, 1770.899000
237, 2217018.518000, 1650.017000, 1781.443000
238, 2227499.610000, 1633.504000, 1780.124000
239, 2245109.666000, 1678.843000, 1788.800000
240, 2255773.874000, 1645.627000, 1752.505000
241, 2253146.600000, 1643.444000, 1784.766000
242, 2262278.106000, 1640.241000, 1784.795000
243, 2271575.248000, 1644.577000, 1762.931000
244, 2281014.858000, 1647.233000, 1759.475000
245, 2289904.804000, 1658.847000, 1756.551000
246, 2299254.510000, 1645.726000, 1760.914000
247, 2308766.518000, 1655.173000, 1793.579000
248, 2317210.406000, 1660.510000, 1773.622000
249, 2324267.250000, 1671.560000, 1789.565000
250, 2333307.838000, 1651.324000, 1772.589000
251, 2351454.706000, 1648.403000, 1785.340000
252, 2350867.586000, 1650.150000, 1786.429000
253, 2360378.730000, 1651.673000, 1799.881000
254, 2376702.632000, 1687.658000, 1790.595000
255, 2377444.988000, 1643.394000, 1783.442000
256, 2386039.616000, 1648.635000, 1787.227000
257, 2398261.716000, 1647.946000, 1775.313000
258, 2417151.366000, 2252.538000, 1855.485000
259, 2417435.390000, 1654.243000, 1794.712000
260, 2425947.138000, 1653.446000, 1799.531000
261, 2442783.512000, 1687.199000, 1911.482000
262, 2444989.708000, 1668.818000, 1804.242000
263, 2452019.376000, 1660.571000, 1799.836000
264, 2460137.920000, 1648.487000, 1806.173000
265, 2469118.010000, 1685.746000, 1799.102000
266, 2478257.144000, 1655.764000, 1799.458000
267, 2486781.406000, 1652.607000, 1793.604000
268, 2495702.656000, 1671.238000, 1819.953000
269, 2505873.854000, 1649.808000, 1785.052000
270, 2514047.366000, 1671.037000, 1796.562000
271, 2523156.012000, 1678.335000, 1794.843000
272, 2543772.796000, 1678.609000, 1803.095000
273, 2540728.778000, 1669.881000, 1804.050000
274, 2549182.354000, 1682.932000, 1802.112000
275, 2571577.708000, 1667.535000, 1801.675000
276, 2571038.158000, 1670.081000, 1816.005000
277, 2578932.190000, 1653.102000, 1806.405000
278, 2587755.082000, 1641.843000, 1818.136000
279, 2596412.996000, 1645.903000, 1817.816000
280, 2605195.850000, 1667.384000, 1809.622000
281, 2613915.960000, 1660.485000, 1809.986000
282, 2623048.966000, 1666.243000, 1807.874000
283, 2632184.650000, 1646.029000, 1802.060000
284, 2641489.634000, 1658.573000, 1812.784000
285, 2649984.866000, 1681.072000, 1800.188000
286, 2659409.638000, 1677.302000, 1858.413000
287, 2669335.066000, 1650.694000, 1843.972000
288, 2678031.906000, 1680.375000, 1804.367000
289, 2685275.750000, 1656.537000, 1800.257000
290, 2694260.796000, 1666.644000, 1871.778000
291, 2703606.108000, 1658.713000, 1812.209000
292, 2712936.108000, 1663.218000, 1815.815000
293, 2725093.122000, 1667.288000, 1892.270000
294, 2734703.848000, 1677.878000, 1807.982000
295, 2743395.884000, 1659.808000, 1799.604000
296, 2751546.226000, 1664.931000, 1804.365000
297, 2760638.198000, 1647.778000, 1872.583000
298, 2769983.420000, 1657.303000, 1835.217000
299, 2778682.302000, 1654.163000, 1807.917000
300, 2788105.444000, 1663.173000, 1836.124000
301, 2796908.450000, 1680.229000, 1815.190000
302, 2805877.370000, 1657.228000, 1824.274000
303, 2831050.768000, 1676.554000, 1830.639000
304, 2825319.946000, 1665.153000, 1812.564000
305, 2834227.236000, 1684.340000, 1821.539000
306, 2843520.296000, 1655.459000, 1816.650000
307, 2871121.534000, 1663.316000, 1816.347000
308, 2862356.154000, 1686.702000, 1826.098000
309, 2871198.818000, 1652.623000, 1818.786000
310, 2896028.938000, 1655.627000, 1819.267000
311, 2890575.930000, 1667.775000, 1836.192000
312, 2900145.520000, 1665.551000, 1821.638000
313, 2930220.374000, 1657.257000, 1817.169000
314, 2915411.082000, 1675.647000, 1814.171000
315, 2923441.350000, 1650.480000, 1818.860000
316, 2932525.772000, 1653.012000, 1831.985000
317, 2942320.630000, 1670.840000, 1827.166000
318, 2953294.924000, 1662.826000, 1812.474000
319, 2977524.274000, 1658.213000, 1824.713000
320, 2971480.346000, 1664.201000, 1814.929000
321, 2980937.274000, 1674.739000, 1839.827000
322, 3004420.736000, 1691.891000, 1824.864000
323, 2999243.800000, 1656.372000, 1836.402000
324, 3005654.650000, 1653.565000, 1815.249000
325, 3012920.526000, 1652.382000, 1823.103000
326, 3022679.266000, 1688.772000, 1817.058000
327, 3035666.378000, 1660.653000, 1823.482000
328, 3060546.200000, 1663.733000, 1827.689000
329, 3054042.102000, 1643.084000, 1833.567000
330, 3065861.350000, 1641.604000, 1819.928000
331, 3089435.516000, 1660.149000, 1835.036000
332, 3080343.214000, 1666.977000, 1838.611000
333, 3089657.446000, 1654.282000, 1829.904000
334, 3117268.752000, 1682.422000, 1843.138000
335, 3112526.370000, 1674.990000, 1827.976000
336, 3122129.062000, 1677.793000, 1839.331000
337, 3144410.854000, 1689.586000, 1837.051000
338, 3139366.436000, 1690.468000, 1840.665000
339, 3144886.016000, 1698.159000, 1841.096000
340, 3172006.006000, 1714.893000, 1843.185000
341, 3166986.690000, 1677.129000, 1843.915000
342, 3181463.946000, 1683.332000, 1851.716000
343, 3199105.696000, 1696.661000, 1843.438000
344, 3193835.032000, 1666.445000, 1841.150000
345, 3201037.162000, 1667.730000, 1841.430000
346, 3227535.078000, 1669.279000, 1838.120000
347, 3230509.390000, 1659.361000, 1842.915000
348, 3235780.258000, 1665.278000, 1838.775000
349, 3260313.570000, 1679.359000, 1839.687000
350, 3250265.366000, 1684.856000, 1850.620000
351, 3264702.278000, 1669.887000, 1857.248000
352, 3290275.254000, 1690.475000, 1841.703000
353, 3285928.692000, 1663.888000, 1840.497000
354, 3295490.490000, 1670.464000, 1868.554000
355, 3304101.454000, 1688.735000, 1855.533000
356, 3315838.594000, 1695.979000, 1853.421000
357, 3323864.590000, 1675.196000, 1838.932000
358, 3349796.830000, 1679.558000, 1854.103000
359, 3341745.400000, 1671.568000, 1860.382000
360, 3357366.106000, 1678.558000, 1844.011000
361, 3396524.596000, 1669.527000, 1849.501000
362, 3377262.776000, 1670.199000, 1864.945000
363, 3387966.160000, 1673.877000, 1915.180000
364, 3397816.684000, 1672.768000, 1845.408000
365, 3404433.536000, 1674.213000, 1856.115000
366, 3434520.672000, 1684.827000, 1855.195000
367, 3426869.786000, 1680.010000, 1850.884000
368, 3438009.836000, 1673.315000, 1837.793000
369, 3460939.500000, 1677.780000, 1857.743000
370, 3470079.332000, 1680.536000, 1861.706000
371, 3482297.706000, 1675.546000, 1859.835000
372, 3480995.074000, 1685.725000, 1837.811000
373, 3500283.070000, 1702.845000, 1954.181000
374, 3530985.586000, 1736.359000, 1913.011000
375, 3518235.080000, 1698.345000, 1899.525000
376, 3527006.362000, 1674.514000, 1934.432000
377, 3525237.340000, 1665.573000, 1864.300000
378, 3548643.282000, 1679.765000, 1878.692000
379, 3574627.718000, 1667.744000, 1852.230000
380, 3559214.688000, 1678.988000, 1851.167000
381, 3573059.274000, 1689.422000, 1868.493000
382, 3600910.200000, 1671.214000, 1865.992000
383, 3594908.932000, 1674.648000, 1863.698000
384, 3623580.216000, 1689.914000, 1866.975000
385, 3616055.580000, 1696.086000, 1850.448000
386, 3625382.462000, 1691.435000, 1844.228000
387, 3657123.086000, 1673.676000, 1858.560000
388, 3663853.758000, 1692.549000, 1857.739000
389, 3653362.104000, 1662.815000, 1878.970000
390, 3671369.928000, 1689.437000, 1851.301000
391, 3690748.240000, 1711.032000, 1876.117000
392, 3693613.716000, 1702.408000, 1870.041000
393, 3695888.780000, 1674.642000, 1846.503000
394, 3703492.570000, 1672.817000, 1862.161000
395, 3730667.518000, 1695.573000, 1861.648000
396, 3723575.426000, 1661.995000, 1849.504000
397, 3734902.512000, 1667.142000, 1874.245000
398, 3743619.454000, 1678.980000, 1865.222000
399, 3750868.834000, 1680.701000, 1845.611000
400, 3756478.530000, 1687.864000, 1864.469000
401, 3771898.578000, 1672.542000, 1853.035000
402, 3784513.452000, 1680.764000, 1870.390000
403, 3812927.648000, 1676.662000, 1859.220000
404, 3805992.998000, 1664.754000, 1870.332000
405, 3809605.972000, 1684.910000, 1870.498000
406, 3826566.410000, 1652.688000, 1872.223000
407, 3837712.546000, 1659.331000, 1860.272000
408, 3863955.444000, 1667.371000, 1867.245000
409, 3856959.898000, 1654.267000, 1872.434000
410, 3888086.246000, 1701.446000, 1872.652000
411, 3882620.188000, 1664.359000, 1876.381000
412, 3894574.332000, 1674.279000, 1888.621000
413, 3903803.128000, 1716.908000, 1869.193000
414, 3914346.042000, 1674.469000, 1878.078000
415, 3940079.234000, 1689.556000, 1889.404000
416, 3935472.148000, 1685.308000, 1890.243000
417, 3963336.066000, 1678.955000, 1877.294000
418, 3956657.406000, 1673.543000, 1880.205000
419, 3967154.070000, 1657.915000, 1884.687000
420, 3995608.638000, 1668.219000, 1880.530000
421, 3990352.358000, 1676.120000, 1872.142000
422, 4028551.474000, 1694.227000, 1877.520000
423, 4015432.890000, 1688.954000, 1875.524000
424, 4028497.306000, 1686.360000, 1864.500000
425, 4058142.702000, 1684.282000, 1887.981000
426, 4054080.128000, 1681.622000, 1865.781000
427, 4097850.752000, 1713.081000, 1951.973000
428, 4075576.164000, 1712.334000, 1897.676000
429, 4102242.602000, 1709.753000, 1921.578000
430, 4098837.172000, 1690.627000, 1883.663000
431, 4104945.408000, 1718.762000, 1918.833000
432, 4116413.866000, 1714.817000, 1891.538000
433, 4120508.026000, 1672.879000, 1854.196000
434, 4149184.630000, 1666.575000, 1846.560000
435, 4142927.562000, 1690.778000, 1848.813000
436, 4151095.508000, 1682.931000, 1882.309000
437, 4162680.112000, 1664.660000, 1850.326000
438, 4172025.148000, 1688.929000, 1874.338000
439, 4201658.056000, 1676.514000, 1863.137000
440, 4198023.256000, 1674.632000, 1886.317000
441, 4222227.174000, 1676.905000, 1869.721000
442, 4221497.418000, 1694.777000, 1873.549000
443, 4230722.080000, 1674.253000, 1864.157000
444, 4254100.190000, 1694.418000, 1880.947000
445, 4249943.642000, 1666.893000, 1857.910000
446, 4263638.476000, 1711.944000, 1865.838000
447, 4272041.288000, 1671.850000, 1857.056000
448, 4293073.518000, 1670.235000, 1870.361000
449, 4290467.942000, 1684.944000, 1863.505000
450, 4318438.948000, 1689.692000, 1881.898000
451, 4310987.364000, 1674.884000, 1871.049000
452, 4342147.212000, 1714.646000, 1919.024000
453, 4335366.076000, 1732.694000, 1934.812000
454, 4347307.488000, 1695.859000, 1937.002000
455, 4356245.368000, 1711.590000, 1912.584000
456, 4367227.046000, 1710.421000, 1939.234000
457, 4384133.386000, 1676.881000, 1910.394000
458, 4424284.594000, 1695.120000, 1933.849000
459, 4408028.838000, 1686.869000, 1921.249000
460, 4423816.616000, 1725.485000, 1909.413000
461, 4445077.202000, 1706.702000, 1911.809000
462, 4440753.550000, 1704.227000, 1923.235000
463, 4464954.724000, 1700.622000, 1919.435000
464, 4456026.528000, 1673.708000, 1849.828000
465, 4460826.036000, 1681.980000, 1858.132000
466, 4489471.242000, 1664.936000, 1861.232000
467, 4481007.566000, 1693.675000, 1870.912000
468, 4491743.648000, 1695.460000, 1880.776000
469, 4501656.686000, 1677.052000, 1854.694000
470, 4511094.308000, 1689.449000, 1869.386000
471, 4535066.846000, 1672.710000, 1877.097000
472, 4533886.482000, 1683.357000, 1875.818000
473, 4544556.038000, 1671.703000, 1878.891000
474, 4551751.212000, 1687.507000, 1894.551000
475, 4570931.738000, 1678.435000, 1866.552000
476, 4581888.026000, 1684.014000, 1872.641000
477, 4604072.060000, 1725.535000, 1877.485000
478, 4603951.146000, 1691.091000, 1882.415000
479, 4632646.668000, 1681.761000, 1903.436000
480, 4621353.610000, 1675.472000, 1911.909000
481, 4631092.782000, 1680.611000, 1899.919000
482, 4643820.830000, 1688.424000, 1907.648000
483, 4653293.834000, 1665.691000, 1906.539000
484, 4663620.586000, 1684.153000, 1890.490000
485, 4691925.668000, 1670.177000, 1879.070000
486, 4683830.274000, 1681.253000, 1896.041000
487, 4693823.718000, 1670.733000, 1878.839000
488, 4705685.296000, 1687.567000, 1885.112000
489, 4721420.836000, 1678.451000, 1871.835000
490, 4741575.406000, 1698.177000, 1886.749000
491, 4735626.120000, 1689.030000, 1884.916000
492, 4747502.814000, 1686.091000, 1890.904000
493, 4774095.920000, 1678.746000, 1891.813000
494, 4775122.678000, 1694.983000, 1908.192000
495, 4787016.388000, 1670.511000, 1884.483000
496, 4805948.948000, 1668.048000, 1887.336000
497, 4818824.006000, 1673.830000, 1879.249000
498, 4815379.252000, 1669.528000, 1898.292000
499, 4840975.892000, 1679.943000, 1901.590000
500, 4842960.926000, 1699.058000, 1895.341000
501, 4851568.692000, 1696.772000, 1926.790000
502, 4859808.312000, 1677.048000, 1902.809000
503, 4891146.874000, 1691.798000, 1896.435000
504, 4888371.182000, 1705.147000, 1890.279000
505, 4905464.048000, 1671.623000, 1889.125000
506, 4902129.002000, 1704.217000, 1899.234000
507, 4929068.728000, 1709.740000, 1896.453000
508, 4925669.504000, 1714.017000, 1896.564000
509, 4945222.574000, 1763.352000, 1902.639000
510, 4949272.322000, 1703.532000, 1890.810000
511, 4955570.600000, 1684.893000, 1914.341000
512, 4970339.932000, 1698.799000, 1896.852000
513, 5003835.872000, 1708.078000, 1923.565000
514, 4998138.140000, 1719.463000, 1908.922000
515, 5022809.128000, 1700.987000, 1910.605000
516, 5018402.694000, 1681.229000, 1884.756000
517, 5045223.486000, 1685.335000, 1903.182000
518, 5041469.816000, 1674.290000, 1891.582000
519, 5073569.134000, 1725.274000, 1894.028000
520, 5067112.426000, 1666.263000, 1890.481000
521, 5092349.052000, 1689.492000, 1904.381000
522, 5090075.916000, 1684.859000, 1896.773000
523, 5100203.098000, 1686.343000, 1890.137000
524, 5125741.106000, 1685.912000, 1891.369000
525, 5127561.220000, 1708.960000, 1910.353000
526, 5143918.154000, 1685.033000, 1908.303000
527, 5138923.516000, 1697.654000, 1897.854000
528, 5165938.752000, 1703.207000, 1914.517000
529, 5165208.738000, 1708.746000, 1920.525000
530, 5181748.364000, 1683.187000, 1900.530000
531, 5202580.032000, 1715.866000, 1900.651000
532, 5229138.774000, 1701.466000, 1895.870000
533, 5236573.942000, 1767.052000, 1887.609000
534, 5227726.920000, 1682.020000, 1912.789000
535, 5238907.416000, 1671.699000, 1921.046000
536, 5249741.878000, 1697.311000, 1901.725000
537, 5271938.620000, 1687.039000, 1896.569000
538, 5268848.644000, 1689.433000, 1900.821000
539, 5301543.532000, 1680.307000, 1903.735000
540, 5292250.660000, 1680.122000, 1896.885000
541, 5316934.412000, 1680.418000, 1903.935000
542, 5310730.930000, 1664.762000, 1892.595000
543, 5336629.728000, 1706.172000, 1895.983000
544, 5325501.598000, 1703.972000, 1900.163000
545, 5335205.184000, 1707.855000, 1914.193000
546, 5344653.040000, 1675.900000, 1906.057000
547, 5370071.824000, 1696.760000, 1895.736000
548, 5376786.504000, 1693.355000, 1910.655000
549, 5391102.964000, 1698.672000, 1910.067000
550, 5398698.154000, 1712.306000, 1920.843000
551, 5409081.150000, 1695.470000, 1917.936000
552, 5418456.138000, 1677.020000, 1920.073000
553, 5429958.176000, 1696.928000, 1921.555000
554, 5438276.316000, 1690.474000, 1901.417000
555, 5446745.790000, 1716.068000, 1905.880000
556, 5469311.054000, 1696.981000, 1908.535000
557, 5472502.340000, 1693.793000, 1908.737000
558, 5494661.854000, 1680.567000, 1908.571000
559, 5492024.358000, 1694.122000, 1917.830000
560, 5514380.658000, 1683.385000, 1930.607000
561, 5513453.152000, 1697.185000, 1923.814000
562, 5536202.634000, 1690.236000, 1912.887000
563, 5543337.958000, 1704.948000, 1941.904000
564, 5541511.400000, 1719.225000, 1924.444000
565, 5565969.522000, 1698.156000, 1920.223000
566, 5567044.938000, 1693.167000, 1909.030000
567, 5597494.034000, 1681.327000, 1922.518000
568, 5609105.898000, 1690.250000, 1899.866000
569, 5604224.142000, 1691.164000, 1908.408000
570, 5629877.890000, 1685.104000, 1904.184000
571, 5625126.698000, 1703.761000, 1910.219000
572, 5642666.136000, 1687.002000, 1905.852000
573, 5648601.806000, 1695.490000, 1914.900000
574, 5644950.128000, 1698.151000, 1895.956000
575, 5663544.622000, 1697.043000, 1905.119000
576, 5661465.678000, 1705.943000, 1910.223000
577, 5672140.900000, 1697.793000, 1910.504000
578, 5690671.312000, 1717.701000, 1927.980000
579, 5690937.038000, 1680.450000, 1926.020000
580, 5709451.416000, 1696.374000, 1919.532000
581, 5706342.666000, 1687.899000, 1913.494000
582, 5716974.692000, 1710.651000, 1915.220000
583, 5724783.714000, 1677.667000, 1919.578000
584, 5740816.788000, 1689.232000, 1916.469000
585, 5776270.694000, 1698.750000, 1912.848000
586, 5784781.710000, 1708.931000, 1912.772000
587, 5785519.892000, 1677.512000, 1904.817000
588, 5806172.814000, 1699.183000, 1912.830000
589, 5804498.250000, 1699.256000, 1957.086000
590, 5826239.886000, 1730.402000, 1961.009000
591, 5851199.308000, 1699.420000, 1932.164000
592, 5835296.650000, 1685.495000, 1947.630000
593, 5862882.112000, 1731.587000, 1934.018000
594, 5852287.748000, 1723.464000, 1940.874000
595, 5863074.808000, 1744.225000, 1945.093000
596, 5893128.212000, 1722.781000, 1947.897000
597, 5887201.810000, 1726.888000, 1945.408000
598, 5911928.036000, 1718.410000, 1958.327000
599, 5919230.902000, 1711.374000, 1938.530000
600, 5911591.002000, 1705.498000, 1961.117000
601, 5933744.978000, 1742.271000, 1942.857000
602, 5932107.198000, 1701.851000, 1944.930000
603, 5967810.486000, 1723.061000, 1946.706000
604, 5971747.890000, 1701.875000, 1954.306000
605, 5993887.370000, 1743.095000, 1957.078000
606, 5982157.320000, 1701.456000, 1951.571000
607, 5992802.884000, 1709.928000, 1954.415000
608, 6016637.084000, 1706.763000, 1936.504000
609, 6010779.728000, 1714.598000, 1964.593000
610, 6022658.828000, 1708.563000, 1933.161000
611, 6044869.328000, 1716.353000, 1949.301000
612, 6038247.202000, 1724.870000, 1941.324000
613, 6059215.792000, 1727.263000, 1943.917000
614, 6053869.242000, 1707.862000, 1931.229000
615, 6081540.340000, 1699.318000, 1942.242000
616, 6091645.186000, 1694.742000, 1941.306000
617, 6086117.446000, 1705.338000, 1911.832000
618, 6089374.814000, 1690.763000, 1965.413000
619, 6097274.608000, 1696.188000, 1928.930000
620, 6127404.334000, 1697.236000, 1942.623000
621, 6142699.756000, 1733.436000, 1935.482000
622, 6147128.562000, 1719.833000, 1959.438000
623, 6150037.784000, 1713.730000, 1919.769000
624, 6157581.652000, 1681.867000, 1951.432000
625, 6175246.522000, 1696.205000, 1926.228000
626, 6195080.514000, 1695.328000, 1931.504000
